{
  "__type__": "cc.SpriteFrame",
  "content": {
    "name": "505004",
    "atlas": "",
    "rect": {
      "x": 2,
      "y": 2,
      "width": 598,
      "height": 106
    },
    "offset": {
      "x": 0,
      "y": 0
    },
    "originalSize": {
      "width": 602,
      "height": 110
    },
    "rotated": false,
    "capInsets": [
      0,
      0,
      0,
      0
    ],
    "vertices": {
      "rawPosition": [
        -299,
        -53,
        0,
        299,
        -53,
        0,
        -299,
        53,
        0,
        299,
        53,
        0
      ],
      "indexes": [
        0,
        1,
        2,
        2,
        1,
        3
      ],
      "uv": [
        2,
        108,
        600,
        108,
        2,
        2,
        600,
        2
      ],
      "nuv": [
        0.0033222591362126247,
        0.01818181818181818,
        0.9966777408637874,
        0.01818181818181818,
        0.0033222591362126247,
        0.9818181818181818,
        0.9966777408637874,
        0.9818181818181818
      ],
      "minPos": {
        "x": -299,
        "y": -53,
        "z": 0
      },
      "maxPos": {
        "x": 299,
        "y": 53,
        "z": 0
      }
    },
    "texture": "7e8ab95b-a6b8-4ca6-9588-85e1673f50cd@6c48a",
    "packable": true,
    "pixelsToUnit": 100,
    "pivot": {
      "x": 0.5,
      "y": 0.5
    },
    "meshType": 0
  }
}