{
  "__type__": "cc.SpriteFrame",
  "content": {
    "name": "baize",
    "atlas": "",
    "rect": {
      "x": 2,
      "y": 2,
      "width": 2040,
      "height": 2030
    },
    "offset": {
      "x": 0,
      "y": 0
    },
    "originalSize": {
      "width": 2044,
      "height": 2034
    },
    "rotated": false,
    "capInsets": [
      0,
      0,
      0,
      0
    ],
    "vertices": {
      "rawPosition": [
        -1020,
        -1015,
        0,
        1020,
        -1015,
        0,
        -1020,
        1015,
        0,
        1020,
        1015,
        0
      ],
      "indexes": [
        0,
        1,
        2,
        2,
        1,
        3
      ],
      "uv": [
        2,
        2032,
        2042,
        2032,
        2,
        2,
        2042,
        2
      ],
      "nuv": [
        0.0009784735812133072,
        0.0009832841691248771,
        0.9990215264187867,
        0.0009832841691248771,
        0.0009784735812133072,
        0.9990167158308751,
        0.9990215264187867,
        0.9990167158308751
      ],
      "minPos": {
        "x": -1020,
        "y": -1015,
        "z": 0
      },
      "maxPos": {
        "x": 1020,
        "y": 1015,
        "z": 0
      }
    },
    "texture": "0facfb45-4b31-4dc4-9e8d-2a464ce31320@6c48a",
    "packable": true,
    "pixelsToUnit": 100,
    "pivot": {
      "x": 0.5,
      "y": 0.5
    },
    "meshType": 0
  }
}