{
  "__type__": "cc.SpriteFrame",
  "content": {
    "name": "505007",
    "atlas": "",
    "rect": {
      "x": 2,
      "y": 2,
      "width": 471,
      "height": 138
    },
    "offset": {
      "x": 0,
      "y": 0
    },
    "originalSize": {
      "width": 475,
      "height": 142
    },
    "rotated": false,
    "capInsets": [
      0,
      0,
      0,
      0
    ],
    "vertices": {
      "rawPosition": [
        -235.5,
        -69,
        0,
        235.5,
        -69,
        0,
        -235.5,
        69,
        0,
        235.5,
        69,
        0
      ],
      "indexes": [
        0,
        1,
        2,
        2,
        1,
        3
      ],
      "uv": [
        2,
        140,
        473,
        140,
        2,
        2,
        473,
        2
      ],
      "nuv": [
        0.004210526315789474,
        0.014084507042253521,
        0.9957894736842106,
        0.014084507042253521,
        0.004210526315789474,
        0.9859154929577465,
        0.9957894736842106,
        0.9859154929577465
      ],
      "minPos": {
        "x": -235.5,
        "y": -69,
        "z": 0
      },
      "maxPos": {
        "x": 235.5,
        "y": 69,
        "z": 0
      }
    },
    "texture": "4e403b17-e995-4574-97d8-9cd720c10a82@6c48a",
    "packable": true,
    "pixelsToUnit": 100,
    "pivot": {
      "x": 0.5,
      "y": 0.5
    },
    "meshType": 0
  }
}