{
  "__type__": "cc.SpriteFrame",
  "content": {
    "name": "number",
    "atlas": "",
    "rect": {
      "x": 1,
      "y": 1,
      "width": 298,
      "height": 306
    },
    "offset": {
      "x": 0,
      "y": 0
    },
    "originalSize": {
      "width": 300,
      "height": 308
    },
    "rotated": false,
    "capInsets": [
      0,
      0,
      0,
      0
    ],
    "vertices": {
      "rawPosition": [
        -149,
        -153,
        0,
        149,
        -153,
        0,
        -149,
        153,
        0,
        149,
        153,
        0
      ],
      "indexes": [
        0,
        1,
        2,
        2,
        1,
        3
      ],
      "uv": [
        1,
        307,
        299,
        307,
        1,
        1,
        299,
        1
      ],
      "nuv": [
        0.0033333333333333335,
        0.003246753246753247,
        0.9966666666666667,
        0.003246753246753247,
        0.0033333333333333335,
        0.9967532467532467,
        0.9966666666666667,
        0.9967532467532467
      ],
      "minPos": {
        "x": -149,
        "y": -153,
        "z": 0
      },
      "maxPos": {
        "x": 149,
        "y": 153,
        "z": 0
      }
    },
    "texture": "439e2854-a886-4a42-8166-3c9274379494@6c48a",
    "packable": true,
    "pixelsToUnit": 100,
    "pivot": {
      "x": 0.5,
      "y": 0.5
    },
    "meshType": 0
  }
}