{
  "__type__": "cc.SpriteFrame",
  "content": {
    "name": "baize_4",
    "atlas": "",
    "rect": {
      "x": 2,
      "y": 3,
      "width": 2041,
      "height": 1850
    },
    "offset": {
      "x": 0,
      "y": -0.5
    },
    "originalSize": {
      "width": 2045,
      "height": 1855
    },
    "rotated": false,
    "capInsets": [
      0,
      0,
      0,
      0
    ],
    "vertices": {
      "rawPosition": [
        -1020.5,
        -925,
        0,
        1020.5,
        -925,
        0,
        -1020.5,
        925,
        0,
        1020.5,
        925,
        0
      ],
      "indexes": [
        0,
        1,
        2,
        2,
        1,
        3
      ],
      "uv": [
        2,
        1852,
        2043,
        1852,
        2,
        2,
        2043,
        2
      ],
      "nuv": [
        0.0009779951100244498,
        0.001078167115902965,
        0.9990220048899755,
        0.001078167115902965,
        0.0009779951100244498,
        0.9983827493261456,
        0.9990220048899755,
        0.9983827493261456
      ],
      "minPos": {
        "x": -1020.5,
        "y": -925,
        "z": 0
      },
      "maxPos": {
        "x": 1020.5,
        "y": 925,
        "z": 0
      }
    },
    "texture": "743f5a6e-7ec1-46fc-a4a0-67589a9b6204@6c48a",
    "packable": true,
    "pixelsToUnit": 100,
    "pivot": {
      "x": 0.5,
      "y": 0.5
    },
    "meshType": 0
  }
}