{
  "__type__": "cc.SpriteFrame",
  "content": {
    "name": "505006",
    "atlas": "",
    "rect": {
      "x": 2,
      "y": 2,
      "width": 360,
      "height": 265
    },
    "offset": {
      "x": 0,
      "y": 0
    },
    "originalSize": {
      "width": 364,
      "height": 269
    },
    "rotated": false,
    "capInsets": [
      0,
      0,
      0,
      0
    ],
    "vertices": {
      "rawPosition": [
        -180,
        -132.5,
        0,
        180,
        -132.5,
        0,
        -180,
        132.5,
        0,
        180,
        132.5,
        0
      ],
      "indexes": [
        0,
        1,
        2,
        2,
        1,
        3
      ],
      "uv": [
        2,
        267,
        362,
        267,
        2,
        2,
        362,
        2
      ],
      "nuv": [
        0.005494505494505495,
        0.007434944237918215,
        0.9945054945054945,
        0.007434944237918215,
        0.005494505494505495,
        0.9925650557620818,
        0.9945054945054945,
        0.9925650557620818
      ],
      "minPos": {
        "x": -180,
        "y": -132.5,
        "z": 0
      },
      "maxPos": {
        "x": 180,
        "y": 132.5,
        "z": 0
      }
    },
    "texture": "7467025f-229b-45b4-be4d-a94f9279d036@6c48a",
    "packable": true,
    "pixelsToUnit": 100,
    "pivot": {
      "x": 0.5,
      "y": 0.5
    },
    "meshType": 0
  }
}