{
  "__type__": "cc.SpriteFrame",
  "content": {
    "name": "boss1",
    "atlas": "",
    "rect": {
      "x": 2,
      "y": 2,
      "width": 1554,
      "height": 349
    },
    "offset": {
      "x": 0,
      "y": 0
    },
    "originalSize": {
      "width": 1558,
      "height": 353
    },
    "rotated": false,
    "capInsets": [
      0,
      0,
      0,
      0
    ],
    "vertices": {
      "rawPosition": [
        -777,
        -174.5,
        0,
        777,
        -174.5,
        0,
        -777,
        174.5,
        0,
        777,
        174.5,
        0
      ],
      "indexes": [
        0,
        1,
        2,
        2,
        1,
        3
      ],
      "uv": [
        2,
        351,
        1556,
        351,
        2,
        2,
        1556,
        2
      ],
      "nuv": [
        0.0012836970474967907,
        0.0056657223796034,
        0.9987163029525032,
        0.0056657223796034,
        0.0012836970474967907,
        0.9943342776203966,
        0.9987163029525032,
        0.9943342776203966
      ],
      "minPos": {
        "x": -777,
        "y": -174.5,
        "z": 0
      },
      "maxPos": {
        "x": 777,
        "y": 174.5,
        "z": 0
      }
    },
    "texture": "dc5a573f-1c0a-4d69-94de-ae4f2e3ec0d7@6c48a",
    "packable": true,
    "pixelsToUnit": 100,
    "pivot": {
      "x": 0.5,
      "y": 0.5
    },
    "meshType": 0
  }
}