{
  "__type__": "cc.SpriteFrame",
  "content": {
    "name": "baize_5",
    "atlas": "",
    "rect": {
      "x": 3,
      "y": 2,
      "width": 994,
      "height": 981
    },
    "offset": {
      "x": -1,
      "y": 38.5
    },
    "originalSize": {
      "width": 1002,
      "height": 1062
    },
    "rotated": false,
    "capInsets": [
      0,
      0,
      0,
      0
    ],
    "vertices": {
      "rawPosition": [
        -497,
        -490.5,
        0,
        497,
        -490.5,
        0,
        -497,
        490.5,
        0,
        497,
        490.5,
        0
      ],
      "indexes": [
        0,
        1,
        2,
        2,
        1,
        3
      ],
      "uv": [
        3,
        1060,
        997,
        1060,
        3,
        79,
        997,
        79
      ],
      "nuv": [
        0.0029940119760479044,
        0.0743879472693032,
        0.9950099800399201,
        0.0743879472693032,
        0.0029940119760479044,
        0.9981167608286252,
        0.9950099800399201,
        0.9981167608286252
      ],
      "minPos": {
        "x": -497,
        "y": -490.5,
        "z": 0
      },
      "maxPos": {
        "x": 497,
        "y": 490.5,
        "z": 0
      }
    },
    "texture": "755e6404-7043-4cd9-8fb3-2959d08f400c@6c48a",
    "packable": true,
    "pixelsToUnit": 100,
    "pivot": {
      "x": 0.5,
      "y": 0.5
    },
    "meshType": 0
  }
}