{
  "__type__": "cc.SpriteFrame",
  "content": {
    "name": "2405005",
    "atlas": "",
    "rect": {
      "x": 2,
      "y": 2,
      "width": 249,
      "height": 265
    },
    "offset": {
      "x": 0,
      "y": 0
    },
    "originalSize": {
      "width": 253,
      "height": 269
    },
    "rotated": false,
    "capInsets": [
      0,
      0,
      0,
      0
    ],
    "vertices": {
      "rawPosition": [
        -124.5,
        -132.5,
        0,
        124.5,
        -132.5,
        0,
        -124.5,
        132.5,
        0,
        124.5,
        132.5,
        0
      ],
      "indexes": [
        0,
        1,
        2,
        2,
        1,
        3
      ],
      "uv": [
        2,
        267,
        251,
        267,
        2,
        2,
        251,
        2
      ],
      "nuv": [
        0.007905138339920948,
        0.007434944237918215,
        0.9920948616600791,
        0.007434944237918215,
        0.007905138339920948,
        0.9925650557620818,
        0.9920948616600791,
        0.9925650557620818
      ],
      "minPos": {
        "x": -124.5,
        "y": -132.5,
        "z": 0
      },
      "maxPos": {
        "x": 124.5,
        "y": 132.5,
        "z": 0
      }
    },
    "texture": "d86b3475-b0dd-44d2-90d3-3b9b42fad577@6c48a",
    "packable": true,
    "pixelsToUnit": 100,
    "pivot": {
      "x": 0.5,
      "y": 0.5
    },
    "meshType": 0
  }
}