{
  "__type__": "cc.SpriteFrame",
  "content": {
    "name": "1",
    "atlas": "",
    "rect": {
      "x": 1,
      "y": 1,
      "width": 134,
      "height": 134
    },
    "offset": {
      "x": 0,
      "y": 0
    },
    "originalSize": {
      "width": 136,
      "height": 136
    },
    "rotated": false,
    "capInsets": [
      0,
      0,
      0,
      0
    ],
    "vertices": {
      "rawPosition": [
        -67,
        -67,
        0,
        67,
        -67,
        0,
        -67,
        67,
        0,
        67,
        67,
        0
      ],
      "indexes": [
        0,
        1,
        2,
        2,
        1,
        3
      ],
      "uv": [
        1,
        135,
        135,
        135,
        1,
        1,
        135,
        1
      ],
      "nuv": [
        0.007352941176470588,
        0.007352941176470588,
        0.9926470588235294,
        0.007352941176470588,
        0.007352941176470588,
        0.9926470588235294,
        0.9926470588235294,
        0.9926470588235294
      ],
      "minPos": {
        "x": -67,
        "y": -67,
        "z": 0
      },
      "maxPos": {
        "x": 67,
        "y": 67,
        "z": 0
      }
    },
    "texture": "33eeeb6e-bc8d-4f02-b4f5-24585c1a491d@6c48a",
    "packable": true,
    "pixelsToUnit": 100,
    "pivot": {
      "x": 0.5,
      "y": 0.5
    },
    "meshType": 0
  }
}