{
  "__type__": "cc.SpriteFrame",
  "content": {
    "name": "baize_3",
    "atlas": "",
    "rect": {
      "x": 2,
      "y": 2,
      "width": 2006,
      "height": 2043
    },
    "offset": {
      "x": -11,
      "y": 0
    },
    "originalSize": {
      "width": 2032,
      "height": 2047
    },
    "rotated": false,
    "capInsets": [
      0,
      0,
      0,
      0
    ],
    "vertices": {
      "rawPosition": [
        -1003,
        -1021.5,
        0,
        1003,
        -1021.5,
        0,
        -1003,
        1021.5,
        0,
        1003,
        1021.5,
        0
      ],
      "indexes": [
        0,
        1,
        2,
        2,
        1,
        3
      ],
      "uv": [
        2,
        2045,
        2008,
        2045,
        2,
        2,
        2008,
        2
      ],
      "nuv": [
        0.000984251968503937,
        0.0009770395701025891,
        0.9881889763779528,
        0.0009770395701025891,
        0.000984251968503937,
        0.9990229604298974,
        0.9881889763779528,
        0.9990229604298974
      ],
      "minPos": {
        "x": -1003,
        "y": -1021.5,
        "z": 0
      },
      "maxPos": {
        "x": 1003,
        "y": 1021.5,
        "z": 0
      }
    },
    "texture": "2426a692-9fcf-4ede-b44d-00b103d6153a@6c48a",
    "packable": true,
    "pixelsToUnit": 100,
    "pivot": {
      "x": 0.5,
      "y": 0.5
    },
    "meshType": 0
  }
}