{
  "__type__": "cc.SpriteFrame",
  "content": {
    "name": "baize_2",
    "atlas": "",
    "rect": {
      "x": 2,
      "y": 2,
      "width": 1958,
      "height": 2044
    },
    "offset": {
      "x": 0,
      "y": 0
    },
    "originalSize": {
      "width": 1962,
      "height": 2048
    },
    "rotated": false,
    "capInsets": [
      0,
      0,
      0,
      0
    ],
    "vertices": {
      "rawPosition": [
        -979,
        -1022,
        0,
        979,
        -1022,
        0,
        -979,
        1022,
        0,
        979,
        1022,
        0
      ],
      "indexes": [
        0,
        1,
        2,
        2,
        1,
        3
      ],
      "uv": [
        2,
        2046,
        1960,
        2046,
        2,
        2,
        1960,
        2
      ],
      "nuv": [
        0.0010193679918450561,
        0.0009765625,
        0.9989806320081549,
        0.0009765625,
        0.0010193679918450561,
        0.9990234375,
        0.9989806320081549,
        0.9990234375
      ],
      "minPos": {
        "x": -979,
        "y": -1022,
        "z": 0
      },
      "maxPos": {
        "x": 979,
        "y": 1022,
        "z": 0
      }
    },
    "texture": "cc8c1666-8145-453b-b8df-d649caa03ac5@6c48a",
    "packable": true,
    "pixelsToUnit": 100,
    "pivot": {
      "x": 0.5,
      "y": 0.5
    },
    "meshType": 0
  }
}