{
  "__type__": "cc.SpriteFrame",
  "content": {
    "name": "505010",
    "atlas": "",
    "rect": {
      "x": 2,
      "y": 2,
      "width": 693,
      "height": 265
    },
    "offset": {
      "x": 0,
      "y": 0
    },
    "originalSize": {
      "width": 697,
      "height": 269
    },
    "rotated": false,
    "capInsets": [
      0,
      0,
      0,
      0
    ],
    "vertices": {
      "rawPosition": [
        -346.5,
        -132.5,
        0,
        346.5,
        -132.5,
        0,
        -346.5,
        132.5,
        0,
        346.5,
        132.5,
        0
      ],
      "indexes": [
        0,
        1,
        2,
        2,
        1,
        3
      ],
      "uv": [
        2,
        267,
        695,
        267,
        2,
        2,
        695,
        2
      ],
      "nuv": [
        0.0028694404591104736,
        0.007434944237918215,
        0.9971305595408895,
        0.007434944237918215,
        0.0028694404591104736,
        0.9925650557620818,
        0.9971305595408895,
        0.9925650557620818
      ],
      "minPos": {
        "x": -346.5,
        "y": -132.5,
        "z": 0
      },
      "maxPos": {
        "x": 346.5,
        "y": 132.5,
        "z": 0
      }
    },
    "texture": "8b78df34-cdaf-4699-b1ba-588f5a0ec790@6c48a",
    "packable": true,
    "pixelsToUnit": 100,
    "pivot": {
      "x": 0.5,
      "y": 0.5
    },
    "meshType": 0
  }
}