{
  "__type__": "cc.SpriteFrame",
  "content": {
    "name": "2505004",
    "atlas": "",
    "rect": {
      "x": 2,
      "y": 2,
      "width": 280,
      "height": 519
    },
    "offset": {
      "x": 0,
      "y": 0
    },
    "originalSize": {
      "width": 284,
      "height": 523
    },
    "rotated": false,
    "capInsets": [
      0,
      0,
      0,
      0
    ],
    "vertices": {
      "rawPosition": [
        -140,
        -259.5,
        0,
        140,
        -259.5,
        0,
        -140,
        259.5,
        0,
        140,
        259.5,
        0
      ],
      "indexes": [
        0,
        1,
        2,
        2,
        1,
        3
      ],
      "uv": [
        2,
        521,
        282,
        521,
        2,
        2,
        282,
        2
      ],
      "nuv": [
        0.007042253521126761,
        0.0038240917782026767,
        0.9929577464788732,
        0.0038240917782026767,
        0.007042253521126761,
        0.9961759082217974,
        0.9929577464788732,
        0.9961759082217974
      ],
      "minPos": {
        "x": -140,
        "y": -259.5,
        "z": 0
      },
      "maxPos": {
        "x": 140,
        "y": 259.5,
        "z": 0
      }
    },
    "texture": "f931f1fb-eb91-4079-93c1-af4fc65ff5b2@6c48a",
    "packable": true,
    "pixelsToUnit": 100,
    "pivot": {
      "x": 0.5,
      "y": 0.5
    },
    "meshType": 0
  }
}